[[{"value": "9970", "dateTime": "2017-03-13"}], [{"value": "13300", "dateTime": "2017-03-14"}], [{"value": "5508", "dateTime": "2017-03-15"}], [{"value": "10274", "dateTime": "2017-03-16"}], [{"value": "9770", "dateTime": "2017-03-17"}], [{"value": "5297", "dateTime": "2017-03-18"}], [{"value": "3435", "dateTime": "2017-03-19"}], [{"value": "6426", "dateTime": "2017-03-20"}], [{"value": "2070", "dateTime": "2017-03-21"}], [{"value": "1940", "dateTime": "2017-03-22"}], [{"value": "8606", "dateTime": "2017-03-23"}], [{"value": "10308", "dateTime": "2017-03-24"}], [{"value": "2805", "dateTime": "2017-03-25"}], [{"value": "5423", "dateTime": "2017-03-26"}]]